{
  "minecraft:recipes/decorations/crafting_table": {
    "criteria": {
      "unlock_right_away": "2025-07-26 13:55:48 -0300"
    },
    "done": true
  },
  "minecraft:adventure/adventuring_time": {
    "criteria": {
      "minecraft:dark_forest": "2025-07-26 13:55:48 -0300",
      "minecraft:forest": "2025-07-26 13:56:06 -0300",
      "minecraft:taiga": "2025-07-26 13:56:12 -0300",
      "minecraft:birch_forest": "2025-07-26 13:55:57 -0300",
      "minecraft:stony_shore": "2025-07-26 13:56:03 -0300"
    },
    "done": false
  },
  "DataVersion": 4189
}