{"stats":{"minecraft:custom":{"minecraft:jump":31,"minecraft:time_since_rest":4686,"minecraft:crouch_one_cm":2056,"minecraft:leave_game":3,"minecraft:play_time":4686,"minecraft:sprint_one_cm":5808,"minecraft:damage_taken":20,"minecraft:time_since_death":4686,"minecraft:walk_one_cm":4921,"minecraft:sneak_time":439,"minecraft:total_world_time":4913,"minecraft:fall_one_cm":1167,"minecraft:fly_one_cm":4377},"minecraft:used":{"minecraft:oak_pressure_plate":1,"minecraft:command_block":2}},"DataVersion":4189}